Workbook

Sheet raw
A1: =_xll.DSGRID("BRAZLUS,CHILPUS,CHINYUS,COLMPUS,CZECKUS,EGYPTUS,TDEURSP,HUNGFUS,INDNRUS,INDONUS,SKORXUS,KUWTDUS,MALAYUS,MEXPFUS,PERUIUS,PHILPUS,POLZLUS,QATARUS,SAUDRUS,SARFNUS,TAIWDUS,THAIBUS,TURKLUS,UTDADUS","","2000/01/01","2024/12/31","Daily","RowHeader=true;ColHeader=true;DispSeriesDescription=true;YearlyTSFormat=false;QuarterlyTSFormat=false;MonthlyTSFormat=true") -> #NAME? | B1: US $ TO BRAZILIAN $ (LSEG DS) - EXCHANGE RATE | C1: US $ TO CHILEAN PESO (LSEG DS) - EXCHANGE RATE | D1: US $ TO CHINESE YUAN (LSEG DS) - EXCHANGE RATE | E1: US $ TO 100 COLOM. PESO (LSEG DS) - EXCHANGE RATE | F1: US $ TO CZECH KORUNA (LSEG DS) - EXCHANGE RATE | G1: US $ TO EGYPT POUND (LSEG DS) - EXCHANGE RATE | H1: USD TO EUR (LSEG DS) - EXCHANGE RATE | I1: US $ TO 100 HUNG. FORINT (LSEG DS) - EXCHANGE RATE | J1: US $ TO 100 INDIAN RUPEE (LSEG DS) - EXCHANGE RATE | K1: US $ TO 1000 INDO. RUPIAH (LSEG DS) - EXCHANGE RATE | L1: US $ TO 1000 KOREAN WON (LSEG DS) - EXCHANGE RATE | M1: US $ TO KUWAITI DINAR (LSEG DS) - EXCHANGE RATE | N1: US $ TO MALAYSIAN RINGGIT(LSEG DS) - EXCHANGE RATE | O1: US $ TO MEXICAN PESO (LSEG DS) - EXCHANGE RATE | P1: US $ TO PERUVIAN SOL (LSEG DS) - EXCHANGE RATE | Q1: US $ TO PHILIPPINE PESO (LSEG DS) - EXCHANGE RATE | R1: US $ TO POLISH ZLOTY (LSEG DS) - EXCHANGE RATE | S1: US $ TO QATARI RIYAL (LSEG DS) - EXCHANGE RATE | T1: US $ TO SAUDI RIYAL (LSEG DS) - EXCHANGE RATE | U1: USD TO SOUTH AFR. FN.RAND(LSEG DS) - EXCHANGE RATE | V1: US $ TO TAIWAN NEW $ (LSEG DS) - EXCHANGE RATE | W1: US $ TO THAI BAHT (LSEG DS) - EXCHANGE RATE | X1: US $ TO NEW TRY (LSEG DS) - EXCHANGE RATE | Y1: US $ TO UAE DIRHAM (LSEG DS) - EXCHANGE RATE
A2: 36525 | B2: 0.55386 | C2: 0.001888 | D2: 0.1208 | E2: 0.05333 | F2: 0.02793 | H2: 1.0075 | I2: 0.3957 | J2: 2.299 | K2: 0.1431 | M2: 3.2862 | N2: 0.2632 | O2: 0.1055 | P2: 0.285 | Q2: 0.02481 | R2: 0.2418 | T2: 0.2666 | U2: 0.1625 | V2: 0.03186 | W2: 0.02655 | X2: 1.83983 | Y2: 0.2723
A3: 36528 | B3: 0.54945 | C3: 0.001894 | D3: 0.1208 | E3: 0.05306 | F3: 0.02814 | H3: 1.02645 | I3: 0.4033998 | J3: 2.301999 | K3: 0.1417 | M3: 3.2895 | N3: 0.2632 | O3: 0.1063 | P3: 0.284 | Q3: 0.02503 | R3: 0.2418 | T3: 0.2666 | U3: 0.1632 | V3: 0.03188 | W3: 0.02702 | X3: 1.84961 | Y3: 0.2723
A4: 36529 | B4: 0.54084 | C4: 0.00189 | D4: 0.1208 | E4: 0.05238 | F4: 0.02839 | H4: 1.03115 | I4: 0.4043996 | J4: 2.299999 | K4: 0.1396 | M4: 3.2927 | N4: 0.2632 | O4: 0.1045 | P4: 0.2841 | Q4: 0.02509 | R4: 0.2427 | T4: 0.2666 | U4: 0.1643 | V4: 0.03276 | W4: 0.02683 | X4: 1.85985 | Y4: 0.2722
A5: 36530 | B5: 0.54407 | C5: 0.001889 | D5: 0.1208 | E5: 0.05236 | F5: 0.02848 | H5: 1.03165 | I5: 0.4051998 | J5: 2.299 | K5: 0.1398 | M5: 3.2927 | N5: 0.2632 | O5: 0.105 | P5: 0.2849 | Q5: 0.02494 | R5: 0.2421 | T5: 0.2666 | U5: 0.1649 | V5: 0.03255 | W5: 0.02695 | X5: 1.85985 | Y5: 0.2723
A6: 36531 | B6: 0.54319 | C6: 0.0019 | D6: 0.1208 | E6: 0.05243 | F6: 0.02852 | H6: 1.0324 | I6: 0.4052997 | J6: 2.299 | K6: 0.1378 | M6: 3.2938 | N6: 0.2632 | O6: 0.1044 | P6: 0.285 | Q6: 0.02457 | R6: 0.245 | T6: 0.2666 | U6: 0.1647 | V6: 0.03249 | W6: 0.0266 | X6: 1.85985 | Y6: 0.2723
A7: 36532 | B7: 0.5472 | C7: 0.001915 | D7: 0.1208 | E7: 0.05248 | F7: 0.02857 | H7: 1.02915 | I7: 0.4042 | J7: 2.299999 | K7: 0.1398 | M7: 3.2906 | N7: 0.2632 | O7: 0.1055 | P7: 0.2848 | Q7: 0.02475 | R7: 0.2454 | T7: 0.2666 | U7: 0.1651 | V7: 0.03249 | W7: 0.02685 | X7: 1.84961 | Y7: 0.2722
A8: 36535 | B8: 0.55127 | C8: 0.001924 | D8: 0.1208 | E8: 0.05262 | F8: 0.0285 | H8: 1.02565 | I8: 0.4025999 | J8: 2.299999 | K8: 0.1396 | M8: 3.2927 | N8: 0.2632 | O8: 0.1058 | P8: 0.2851 | Q8: 0.02478 | R8: 0.2459 | T8: 0.2666 | U8: 0.1645 | V8: 0.03252 | W8: 0.02686 | X8: 1.84961 | Y8: 0.2723
A9: 36536 | B9: 0.54885 | C9: 0.001917 | D9: 0.1208 | E9: 0.05244 | F9: 0.02875 | H9: 1.03355 | I9: 0.4056998 | J9: 2.297999 | K9: 0.1379 | M9: 3.2916 | N9: 0.2632 | O9: 0.1051 | P9: 0.285 | Q9: 0.02451 | R9: 0.246 | T9: 0.2666 | U9: 0.1641 | V9: 0.03252 | W9: 0.02657 | X9: 1.84961 | Y9: 0.2723
A10: 36537 | B10: 0.5469 | C10: 0.001924 | D10: 0.1208 | E10: 0.05248 | F10: 0.0286 | H10: 1.0312 | I10: 0.4046999 | J10: 2.297999 | K10: 0.1386 | M10: 3.2895 | N10: 0.2632 | O10: 0.1048999 | P10: 0.285 | Q10: 0.0246 | R10: 0.246 | T10: 0.2666 | U10: 0.1648 | V10: 0.03255 | W10: 0.02667 | X10: 1.84961 | Y10: 0.2723
A11: 36538 | B11: 0.55188 | C11: 0.001936 | D11: 0.1208 | E11: 0.05221 | F11: 0.02843 | H11: 1.02545 | I11: 0.4022996 | J11: 2.299 | K11: 0.1384 | M11: 3.2873 | N11: 0.2632 | O11: 0.1054 | P11: 0.2857 | Q11: 0.0246 | R11: 0.2459 | T11: 0.2666 | U11: 0.165 | V11: 0.03254 | W11: 0.0267 | X11: 1.84961 | Y11: 0.2723
A12: 36539 | B12: 0.55433 | C12: 0.001939 | D12: 0.1208 | E12: 0.05202 | F12: 0.02815 | H12: 1.01275 | I12: 0.3979999 | J12: 2.299 | K12: 0.1393999 | M12: 3.283 | N12: 0.2632 | O12: 0.1062 | P12: 0.2867 | Q12: 0.02463 | R12: 0.2454 | T12: 0.2666 | U12: 0.1647 | V12: 0.03257 | W12: 0.0267 | X12: 1.82958 | Y12: 0.2723
A13: 36542 | B13: 0.55773 | C13: 0.001952 | D13: 0.1208 | E13: 0.05196 | F13: 0.02806 | H13: 1.01175 | I13: 0.3965999 | J13: 2.297 | K13: 0.1378 | M13: 3.2873 | N13: 0.2632 | O13: 0.1061 | P13: 0.2866 | Q13: 0.02466 | R13: 0.2452 | T13: 0.2666 | U13: 0.1645 | V13: 0.03241 | W13: 0.02671 | X13: 1.82958 | Y13: 0.2723
... A239: 36858 | B239: 0.50839 | C239: 0.001723 | D239: 0.1208 | E239: 0.04602 | F239: 0.02485 | H239: 0.85675 | I239: 0.3234 | J239: 2.132999 | K239: 0.1058 | M239: 3.252 | N239: 0.2632 | O239: 0.1061 | P239: 0.2830999 | Q239: 0.02021 | R239: 0.2209 | T239: 0.2666 | U239: 0.1284 | V239: 0.03049 | W239: 0.02289 | X239: 1.46 | Y239: 0.2723
A240: 36859 | B240: 0.51112 | C240: 0.001725 | D240: 0.1208 | E240: 0.04602 | F240: 0.02476 | G240: 0.26483 | H240: 0.85775 | I240: 0.3232 | J240: 2.132999 | K240: 0.1052999 | M240: 3.2499 | N240: 0.2632 | O240: 0.1065 | P240: 0.2817 | Q240: 0.02015 | R240: 0.2224 | S240: 0.27467 | T240: 0.2666 | U240: 0.1286 | V240: 0.03028 | W240: 0.02282 | X240: 1.46 | Y240: 0.2723
A241: 36860 | B241: 0.50518 | C241: 0.00173 | D241: 0.1208 | E241: 0.04619 | F241: 0.0252 | G241: 0.26446 | H241: 0.8724 | I241: 0.3292 | J241: 2.134 | K241: 0.1048999 | M241: 3.2563 | N241: 0.2632 | O241: 0.1061 | P241: 0.2834 | Q241: 0.02015 | R241: 0.2229 | S241: 0.27467 | T241: 0.2666 | U241: 0.1291 | V241: 0.03028 | W241: 0.02284 | X241: 1.46 | Y241: 0.2723
A242: 36861 | B242: 0.50723 | C242: 0.001732 | D242: 0.1208 | E242: 0.04596 | F242: 0.02531 | G242: 0.26446 | H242: 0.87875 | I242: 0.3318 | J242: 2.134999 | K242: 0.1052 | M242: 3.2605 | N242: 0.2632 | O242: 0.1063 | P242: 0.2837 | Q242: 0.02012 | R242: 0.2245 | S242: 0.27467 | T242: 0.2666 | U242: 0.1311 | V242: 0.0303 | W242: 0.02288 | X242: 1.47 | Y242: 0.2723
A243: 36864 | B243: 0.50531 | C243: 0.001735 | D243: 0.120809 | E243: 0.04573 | F243: 0.0253904 | G243: 0.26376 | H243: 0.88935 | I243: 0.3359538 | J243: 2.13493 | K243: 0.10395 | M243: 3.26211 | N243: 0.26312 | O243: 0.1059064 | P243: 0.2837 | Q243: 0.020202 | R243: 0.224947 | S243: 0.27467 | T243: 0.26659 | U243: 0.13068 | V243: 0.0303 | W243: 0.0228911 | X243: 1.47221 | Y243: 0.27225
A244: 36865 | B244: 0.51099 | C244: 0.00174 | D244: 0.120817 | E244: 0.04598 | F244: 0.0253582 | G244: 0.26394 | H244: 0.87985 | I244: 0.331587 | J244: 2.138809 | K244: 0.1052099 | M244: 3.25998 | N244: 0.26312 | O244: 0.1062934 | P244: 0.2834 | Q244: 0.0201613 | R244: 0.226116 | S244: 0.27467 | T244: 0.26665 | U244: 0.13068 | V244: 0.0303 | W244: 0.0229568 | X244: 1.46589 | Y244: 0.27225
A245: 36866 | B245: 0.50646 | C245: 0.001738 | D245: 0.120817 | E245: 0.04596 | F245: 0.025533 | G245: 0.26087 | H245: 0.8915 | I245: 0.3348289 | J245: 2.138579 | K245: 0.10438 | M245: 3.25945 | N245: 0.26312 | O245: 0.1071832 | P245: 0.2837999 | Q245: 0.01998 | R245: 0.22735 | S245: 0.27468 | T245: 0.26661 | U245: 0.1316 | V245: 0.03028 | W245: 0.0229331 | X245: 1.4853 | Y245: 0.27225
A246: 36867 | B246: 0.50659 | C246: 0.001733 | D246: 0.120817 | E246: 0.04594 | F246: 0.0254291 | G246: 0.26033 | H246: 0.88955 | I246: 0.3345712 | J246: 2.138809 | K246: 0.10438 | M246: 3.26371 | N246: 0.26312 | O246: 0.106315 | P246: 0.2837999 | Q246: 0.0199402 | R246: 0.227645 | S246: 0.27467 | T246: 0.26663 | U246: 0.1311 | V246: 0.03028 | W246: 0.0230282 | X246: 1.47649 | Y246: 0.27225
A247: 36868 | B247: 0.50813 | C247: 0.001733 | D247: 0.120818 | E247: 0.04594 | F247: 0.0253197 | G247: 0.26033 | H247: 0.88635 | I247: 0.3336781 | J247: 2.13835 | K247: 0.10438 | M247: 3.26371 | N247: 0.26312 | O247: 0.1057432 | P247: 0.2837999 | Q247: 0.0199402 | R247: 0.226629 | S247: 0.27467 | T247: 0.26663 | U247: 0.13072 | V247: 0.03033 | W247: 0.0229069 | X247: 1.46459 | Y247: 0.27226
A248: 36871 | B248: 0.508388 | C248: 0.0017321 | D248: 0.120812 | E248: 0.04591 | F248: 0.0252022 | G248: 0.26033 | H248: 0.87615 | I248: 0.3302401 | J248: 2.13904 | K248: 0.10438 | M248: 3.26371 | N248: 0.26316 | O248: 0.1058033 | P248: 0.2837282 | Q248: 0.02 | R248: 0.226629 | S248: 0.27467 | T248: 0.26662 | U248: 0.13055 | V248: 0.0302572 | W248: 0.0230097 | X248: 1.46535 | Y248: 0.27226
A249: 36872 | B249: 0.50865 | C249: 0.001734 | D249: 0.120815 | E249: 0.04568 | F249: 0.025294 | G249: 0.26438 | H249: 0.87915 | I249: 0.3311916 | J249: 2.13835 | K249: 0.10438 | M249: 3.26105 | N249: 0.26312 | O249: 0.1058201 | P249: 0.2837 | Q249: 0.02001 | R249: 0.228024 | S249: 0.27467 | T249: 0.26662 | U249: 0.12924 | V249: 0.03029 | W249: 0.0229859 | X249: 1.46936 | Y249: 0.27225
A250: 36873 | B250: 0.51164 | C250: 0.001738 | D250: 0.120817 | E250: 0.04575 | F250: 0.0252366 | G250: 0.26178 | H250: 0.87695 | I250: 0.3304365 | J250: 2.13835 | K250: 0.10438 | M250: 3.25945 | N250: 0.26312 | O250: 0.1069518 | P250: 0.2839 | Q250: 0.02 | R250: 0.227661 | S250: 0.27467 | T250: 0.26663 | U250: 0.12921 | V250: 0.0302 | W250: 0.0229753 | X250: 1.46449 | Y250: 0.27225
A251: 36874 | B251: 0.50917 | C251: 0.001738 | D251: 0.120817 | E251: 0.04584 | F251: 0.0253768 | G251: 0.26178 | H251: 0.89075 | I251: 0.3321431 | J251: 2.138809 | K251: 0.10438 | M251: 3.25733 | N251: 0.26312 | O251: 0.1059883 | P251: 0.2851 | Q251: 0.0200602 | R251: 0.22779 | S251: 0.27467 | T251: 0.26661 | U251: 0.12921 | V251: 0.03026 | W251: 0.0229674 | X251: 1.46491 | Y251: 0.27226
... A2589: 40148 | B2589: 0.58049 | C2589: 0.00201 | D2589: 0.14646 | E2589: 0.05023 | F2589: 0.05819 | G2589: 0.18275 | H2589: 1.50875 | I2589: 0.5561 | J2589: 2.162 | K2589: 0.10585 | M2589: 3.514 | N2589: 0.29583 | O2589: 0.0778199 | P2589: 0.34765 | Q2589: 0.02121 | R2589: 0.3666 | S2589: 0.27462 | T2589: 0.26656 | U2589: 0.13687 | V2589: 0.03112 | W2589: 0.03013 | X2589: 0.66585 | Y2589: 0.27225
A2590: 40149 | B2590: 0.58191 | C2590: 0.00199 | D2590: 0.14648 | E2590: 0.05024 | F2590: 0.05811 | G2590: 0.18298 | H2590: 1.50455 | I2590: 0.55565 | J2590: 2.163349 | K2590: 0.10595 | L2590: 0.867 | M2590: 3.5094 | N2590: 0.29617 | O2590: 0.07858 | P2590: 0.34715 | Q2590: 0.02164 | R2590: 0.3665 | S2590: 0.27462 | T2590: 0.26656 | U2590: 0.13643 | V2590: 0.03111 | W2590: 0.03017 | X2590: 0.66625 | Y2590: 0.27225
A2591: 40150 | B2591: 0.58524 | C2591: 0.002 | D2591: 0.14648 | E2591: 0.0502 | F2591: 0.05833 | G2591: 0.18333 | H2591: 1.507 | I2591: 0.5585499 | J2591: 2.17275 | K2591: 0.10615 | L2591: 0.8695 | M2591: 3.50935 | N2591: 0.29669 | O2591: 0.0793 | P2591: 0.34795 | Q2591: 0.02164 | R2591: 0.36765 | S2591: 0.27462 | T2591: 0.26662 | U2591: 0.13542 | V2591: 0.03114 | W2591: 0.03019 | X2591: 0.6724 | Y2591: 0.27226
A2592: 40151 | B2592: 0.57737 | C2592: 0.00199 | D2592: 0.14649 | E2592: 0.04982 | F2592: 0.05785 | G2592: 0.18333 | H2592: 1.48505 | I2592: 0.5516 | J2592: 2.165649 | K2592: 0.10625 | L2592: 0.8695 | M2592: 3.502 | N2592: 0.29581 | O2592: 0.0791399 | P2592: 0.34855 | Q2592: 0.02172 | R2592: 0.36595 | S2592: 0.27463 | T2592: 0.26665 | U2592: 0.13423 | V2592: 0.03106 | W2592: 0.03014 | X2592: 0.67105 | Y2592: 0.27226
A2593: 40154 | B2593: 0.57654 | C2593: 0.00199 | D2593: 0.14643 | E2593: 0.05012 | F2593: 0.0578 | G2593: 0.18306 | H2593: 1.48195 | I2593: 0.55 | J2593: 2.152149 | K2593: 0.10595 | L2593: 0.8695 | M2593: 3.50815 | N2593: 0.29434 | O2593: 0.07881 | P2593: 0.349 | Q2593: 0.02168 | R2593: 0.3641 | S2593: 0.27467 | T2593: 0.26663 | U2593: 0.13366 | V2593: 0.03095 | W2593: 0.03017 | X2593: 0.67135 | Y2593: 0.27225
A2594: 40155 | B2594: 0.56746 | C2594: 0.00198 | D2594: 0.14647 | E2594: 0.05003 | F2594: 0.05714 | G2594: 0.1828 | H2594: 1.46985 | I2594: 0.5365 | J2594: 2.14475 | K2594: 0.10595 | L2594: 0.865 | M2594: 3.50815 | N2594: 0.29459 | O2594: 0.07737 | P2594: 0.3491 | Q2594: 0.02165 | R2594: 0.35615 | S2594: 0.27467 | T2594: 0.26662 | U2594: 0.1321 | V2594: 0.03103 | W2594: 0.03014 | X2594: 0.66325 | Y2594: 0.27225
A2595: 40156 | B2595: 0.56738 | C2595: 0.002 | D2595: 0.14647 | E2595: 0.04946 | F2595: 0.05721 | G2595: 0.18249 | H2595: 1.4727 | I2595: 0.5347 | J2595: 2.14895 | K2595: 0.10595 | L2595: 0.8615 | M2595: 3.50815 | N2595: 0.29425 | O2595: 0.0774699 | P2595: 0.3475 | Q2595: 0.02159 | R2595: 0.3541 | S2595: 0.27462 | T2595: 0.26665 | U2595: 0.13195 | V2595: 0.031 | W2595: 0.03018 | X2595: 0.66305 | Y2595: 0.27226
A2596: 40157 | B2596: 0.56924 | C2596: 0.00202 | D2596: 0.14646 | E2596: 0.04979 | F2596: 0.05719 | G2596: 0.18236 | H2596: 1.4735 | I2596: 0.53965 | J2596: 2.149349 | K2596: 0.10595 | L2596: 0.8575 | M2596: 3.55825 | N2596: 0.29434 | O2596: 0.07727 | P2596: 0.34825 | Q2596: 0.02167 | R2596: 0.35495 | S2596: 0.27499 | T2596: 0.26666 | U2596: 0.13272 | V2596: 0.03096 | W2596: 0.03019 | X2596: 0.66665 | Y2596: 0.27223
A2597: 40158 | B2597: 0.56838 | C2597: 0.00201 | D2597: 0.14646 | E2597: 0.04999 | F2597: 0.05664 | G2597: 0.18236 | H2597: 1.46225 | I2597: 0.53535 | J2597: 2.151449 | K2597: 0.10595 | L2597: 0.859 | M2597: 3.50555 | N2597: 0.29416 | O2597: 0.07766 | P2597: 0.3476 | Q2597: 0.02172 | R2597: 0.3523 | S2597: 0.27459 | T2597: 0.26659 | U2597: 0.13287 | V2597: 0.03108 | W2597: 0.03018 | X2597: 0.66275 | Y2597: 0.27225
A2598: 40161 | B2598: 0.57314 | C2598: 0.00201 | D2598: 0.14645 | E2598: 0.05019 | F2598: 0.05664 | G2598: 0.18225 | H2598: 1.4656 | I2598: 0.5339 | J2598: 2.145949 | K2598: 0.1058 | L2598: 0.862 | M2598: 3.41835 | N2598: 0.2933 | O2598: 0.07846 | P2598: 0.349 | Q2598: 0.02173 | R2598: 0.353 | S2598: 0.27461 | T2598: 0.26663 | U2598: 0.13489 | V2598: 0.03096 | W2598: 0.03018 | X2598: 0.6668 | Y2598: 0.27226
A2599: 40162 | B2599: 0.57026 | C2599: 0.002 | D2599: 0.14647 | E2599: 0.05007 | F2599: 0.05535 | G2599: 0.18195 | H2599: 1.4536 | I2599: 0.5214 | J2599: 2.148999 | K2599: 0.10585 | L2599: 0.8625 | M2599: 3.50815 | N2599: 0.29296 | O2599: 0.07876 | P2599: 0.348 | Q2599: 0.02167 | R2599: 0.3462 | S2599: 0.27499 | T2599: 0.26665 | U2599: 0.13441 | V2599: 0.03094 | W2599: 0.03015 | X2599: 0.66215 | Y2599: 0.27226
A2600: 40163 | B2600: 0.56945 | C2600: 0.00201 | D2600: 0.14646 | E2600: 0.04999 | F2600: 0.05544 | G2600: 0.18189 | H2600: 1.45365 | I2600: 0.52475 | J2600: 2.146649 | K2600: 0.1056499 | L2600: 0.858 | M2600: 3.4987 | N2600: 0.29202 | O2600: 0.07877 | P2600: 0.3479 | Q2600: 0.02166 | R2600: 0.3478 | S2600: 0.27463 | T2600: 0.26663 | U2600: 0.1346 | V2600: 0.03094 | W2600: 0.03013 | X2600: 0.6628 | Y2600: 0.27226
A2601: 40164 | B2601: 0.56039 | C2601: 0.002 | D2601: 0.14642 | E2601: 0.04951 | F2601: 0.05471 | G2601: 0.18182 | H2601: 1.4345 | I2601: 0.51635 | J2601: 2.1306 | K2601: 0.10555 | L2601: 0.8505 | M2601: 3.49215 | N2601: 0.29091 | O2601: 0.07779 | P2601: 0.3469 | Q2601: 0.02133 | R2601: 0.34185 | S2601: 0.2746 | T2601: 0.26661 | U2601: 0.13299 | V2601: 0.03088 | W2601: 0.03008 | X2601: 0.6581 | Y2601: 0.27226
... A6524: 45657 | B6524: 0.16169 | C6524: 0.001006 | D6524: 0.136998 | E6524: 0.0227 | F6524: 0.04108 | G6524: 0.01967 | H6524: 1.03535 | I6524: 0.2516 | J6524: 1.1685 | K6524: 0.06213 | L6524: 0.67647 | M6524: 3.24345 | N6524: 0.22364 | O6524: 0.048019 | P6524: 0.26625 | Q6524: 0.017216 | R6524: 0.242 | S6524: 0.27433 | T6524: 0.26614 | U6524: 0.053 | V6524: 0.0304845 | W6524: 0.0291335 | X6524: 0.0283 | Y6524: 0.27225

Sheet converted
A1: =_xll.DSGRID("BRAZLUS,CHILPUS,CHINYUS,COLMPUS,CZECKUS,EGYPTUS,TDEURSP,HUNGFUS,INDNRUS,INDONUS,SKORXUS,KUWTDUS,MALAYUS,MEXPFUS,PERUIUS,PHILPUS,POLZLUS,QATARUS,SAUDRUS,SARFNUS,TAIWDUS,THAIBUS,TURKLUS,UTDADUS","","2000/01/01","2024/12/31","Daily","RowHeader=true;ColHeader=true;DispSeriesDescription=true;YearlyTSFormat=false;QuarterlyTSFormat=false;MonthlyTSFormat=true") -> #NAME? | B1: Brazil | C1: Chile | D1: China | E1: Colombia | F1: Czechia | G1: Egypt | H1: Euro | I1: Hungary | J1: India | K1: Indonesia | L1: South Korea | M1: Kuwait | N1: Malaysia | O1: Mexico | P1: Peru | Q1: Philippines | R1: Poland | S1: Qatar | T1: Saudi Arabia | U1: South Africa | V1: Taiwan | W1: Thailand | X1: Turkey | Y1: United Arab Emirates
A2: 36525 | B2: =1/raw!B2 -> 1.8055104 | C2: =1/raw!C2 -> 529.66102 | D2: =1/raw!D2 -> 8.2781457 | E2: =1/raw!E2*100 -> 1875.1172 | F2: =1/raw!F2 -> 35.803795 | G2: =1/raw!G2 -> #DIV/0! | H2: =1/raw!H2 -> 0.99255583 | I2: =1/raw!I2*100 -> 252.7167 | J2: =1/raw!J2*100 -> 43.497173 | K2: =1/raw!K2*1000 -> 6988.1202 | L2: =1/raw!L2*1000 -> #DIV/0! | M2: =1/raw!M2 -> 0.30430284 | N2: =1/raw!N2 -> 3.7993921 | O2: =1/raw!O2 -> 9.478673 | P2: =1/raw!P2 -> 3.5087719 | Q2: =1/raw!Q2 -> 40.306328 | R2: =1/raw!R2 -> 4.1356493 | S2: =1/raw!S2 -> #DIV/0! | T2: =1/raw!T2 -> 3.7509377 | ... Y2: =1/raw!Y2 -> 3.6724201
A3: 36528 | B3: =1/raw!B3 -> 1.8200018 | C3: =1/raw!C3 -> 527.9831 | D3: =1/raw!D3 -> 8.2781457 | E3: =1/raw!E3*100 -> 1884.6589 | F3: =1/raw!F3 -> 35.536603 | G3: =1/raw!G3 -> #DIV/0! | H3: =1/raw!H3 -> 0.97423157 | I3: =1/raw!I3*100 -> 247.89303 | J3: =1/raw!J3*100 -> 43.440505 | K3: =1/raw!K3*1000 -> 7057.163 | L3: =1/raw!L3*1000 -> #DIV/0! | M3: =1/raw!M3 -> 0.30399757 | N3: =1/raw!N3 -> 3.7993921 | O3: =1/raw!O3 -> 9.4073377 | P3: =1/raw!P3 -> 3.5211268 | Q3: =1/raw!Q3 -> 39.952058 | R3: =1/raw!R3 -> 4.1356493 | S3: =1/raw!S3 -> #DIV/0! | T3: =1/raw!T3 -> 3.7509377 | ... Y3: =1/raw!Y3 -> 3.6724201
A4: 36529 | B4: =1/raw!B4 -> 1.8489757 | C4: =1/raw!C4 -> 529.10053 | D4: =1/raw!D4 -> 8.2781457 | E4: =1/raw!E4*100 -> 1909.1256 | F4: =1/raw!F4 -> 35.22367 | G4: =1/raw!G4 -> #DIV/0! | H4: =1/raw!H4 -> 0.96979101 | I4: =1/raw!I4*100 -> 247.28017 | J4: =1/raw!J4*100 -> 43.47828 | K4: =1/raw!K4*1000 -> 7163.3238 | L4: =1/raw!L4*1000 -> #DIV/0! | M4: =1/raw!M4 -> 0.30370213 | N4: =1/raw!N4 -> 3.7993921 | O4: =1/raw!O4 -> 9.569378 | P4: =1/raw!P4 -> 3.5198874 | Q4: =1/raw!Q4 -> 39.856517 | R4: =1/raw!R4 -> 4.1203131 | S4: =1/raw!S4 -> #DIV/0! | T4: =1/raw!T4 -> 3.7509377 | ... Y4: =1/raw!Y4 -> 3.6737693
A5: 36530 | B5: =1/raw!B5 -> 1.8379988 | C5: =1/raw!C5 -> 529.38062 | D5: =1/raw!D5 -> 8.2781457 | E5: =1/raw!E5*100 -> 1909.8549 | F5: =1/raw!F5 -> 35.11236 | G5: =1/raw!G5 -> #DIV/0! | H5: =1/raw!H5 -> 0.96932099 | I5: =1/raw!I5*100 -> 246.79183 | J5: =1/raw!J5*100 -> 43.497173 | K5: =1/raw!K5*1000 -> 7153.0758 | L5: =1/raw!L5*1000 -> #DIV/0! | M5: =1/raw!M5 -> 0.30370213 | N5: =1/raw!N5 -> 3.7993921 | O5: =1/raw!O5 -> 9.5238095 | P5: =1/raw!P5 -> 3.5100035 | Q5: =1/raw!Q5 -> 40.096231 | R5: =1/raw!R5 -> 4.1305246 | S5: =1/raw!S5 -> #DIV/0! | T5: =1/raw!T5 -> 3.7509377 | ... Y5: =1/raw!Y5 -> 3.6724201
A6: 36531 | B6: =1/raw!B6 -> 1.8409765 | C6: =1/raw!C6 -> 526.31579 | D6: =1/raw!D6 -> 8.2781457 | E6: =1/raw!E6*100 -> 1907.305 | F6: =1/raw!F6 -> 35.063114 | G6: =1/raw!G6 -> #DIV/0! | H6: =1/raw!H6 -> 0.96861682 | I6: =1/raw!I6*100 -> 246.731 | J6: =1/raw!J6*100 -> 43.497173 | K6: =1/raw!K6*1000 -> 7256.894 | L6: =1/raw!L6*1000 -> #DIV/0! | M6: =1/raw!M6 -> 0.3036007 | N6: =1/raw!N6 -> 3.7993921 | O6: =1/raw!O6 -> 9.5785441 | P6: =1/raw!P6 -> 3.5087719 | Q6: =1/raw!Q6 -> 40.700041 | R6: =1/raw!R6 -> 4.0816327 | S6: =1/raw!S6 -> #DIV/0! | T6: =1/raw!T6 -> 3.7509377 | ... Y6: =1/raw!Y6 -> 3.6724201
A7: 36532 | B7: =1/raw!B7 -> 1.8274854 | C7: =1/raw!C7 -> 522.19321 | D7: =1/raw!D7 -> 8.2781457 | E7: =1/raw!E7*100 -> 1905.4878 | F7: =1/raw!F7 -> 35.00175 | G7: =1/raw!G7 -> #DIV/0! | H7: =1/raw!H7 -> 0.97167565 | I7: =1/raw!I7*100 -> 247.40228 | J7: =1/raw!J7*100 -> 43.47828 | K7: =1/raw!K7*1000 -> 7153.0758 | L7: =1/raw!L7*1000 -> #DIV/0! | M7: =1/raw!M7 -> 0.30389595 | N7: =1/raw!N7 -> 3.7993921 | O7: =1/raw!O7 -> 9.478673 | P7: =1/raw!P7 -> 3.511236 | Q7: =1/raw!Q7 -> 40.40404 | R7: =1/raw!R7 -> 4.0749796 | S7: =1/raw!S7 -> #DIV/0! | T7: =1/raw!T7 -> 3.7509377 | ... Y7: =1/raw!Y7 -> 3.6737693
A8: 36535 | B8: =1/raw!B8 -> 1.8139931 | C8: =1/raw!C8 -> 519.75052 | D8: =1/raw!D8 -> 8.2781457 | E8: =1/raw!E8*100 -> 1900.4181 | F8: =1/raw!F8 -> 35.087719 | G8: =1/raw!G8 -> #DIV/0! | H8: =1/raw!H8 -> 0.97499147 | I8: =1/raw!I8*100 -> 248.38556 | J8: =1/raw!J8*100 -> 43.47828 | K8: =1/raw!K8*1000 -> 7163.3238 | L8: =1/raw!L8*1000 -> #DIV/0! | M8: =1/raw!M8 -> 0.30370213 | N8: =1/raw!N8 -> 3.7993921 | O8: =1/raw!O8 -> 9.4517958 | P8: =1/raw!P8 -> 3.5075412 | Q8: =1/raw!Q8 -> 40.355125 | R8: =1/raw!R8 -> 4.0666938 | S8: =1/raw!S8 -> #DIV/0! | T8: =1/raw!T8 -> 3.7509377 | ... Y8: =1/raw!Y8 -> 3.6724201
A9: 36536 | B9: =1/raw!B9 -> 1.8219914 | C9: =1/raw!C9 -> 521.64841 | D9: =1/raw!D9 -> 8.2781457 | E9: =1/raw!E9*100 -> 1906.9413 | F9: =1/raw!F9 -> 34.782609 | G9: =1/raw!G9 -> #DIV/0! | H9: =1/raw!H9 -> 0.96753906 | I9: =1/raw!I9*100 -> 246.48767 | J9: =1/raw!J9*100 -> 43.51612 | K9: =1/raw!K9*1000 -> 7251.6316 | L9: =1/raw!L9*1000 -> #DIV/0! | M9: =1/raw!M9 -> 0.30380362 | N9: =1/raw!N9 -> 3.7993921 | O9: =1/raw!O9 -> 9.5147479 | P9: =1/raw!P9 -> 3.5087719 | Q9: =1/raw!Q9 -> 40.799674 | R9: =1/raw!R9 -> 4.0650407 | S9: =1/raw!S9 -> #DIV/0! | T9: =1/raw!T9 -> 3.7509377 | ... Y9: =1/raw!Y9 -> 3.6724201
A10: 36537 | B10: =1/raw!B10 -> 1.8284878 | C10: =1/raw!C10 -> 519.75052 | D10: =1/raw!D10 -> 8.2781457 | E10: =1/raw!E10*100 -> 1905.4878 | F10: =1/raw!F10 -> 34.965035 | G10: =1/raw!G10 -> #DIV/0! | H10: =1/raw!H10 -> 0.96974399 | I10: =1/raw!I10*100 -> 247.09668 | J10: =1/raw!J10*100 -> 43.51612 | K10: =1/raw!K10*1000 -> 7215.0072 | L10: =1/raw!L10*1000 -> #DIV/0! | M10: =1/raw!M10 -> 0.30399757 | N10: =1/raw!N10 -> 3.7993921 | O10: =1/raw!O10 -> 9.5328976 | P10: =1/raw!P10 -> 3.5087719 | Q10: =1/raw!Q10 -> 40.650407 | R10: =1/raw!R10 -> 4.0650407 | S10: =1/raw!S10 -> #DIV/0! | T10: =1/raw!T10 -> 3.7509377 | ... Y10: =1/raw!Y10 -> 3.6724201
A11: 36538 | B11: =1/raw!B11 -> 1.8119881 | C11: =1/raw!C11 -> 516.52893 | D11: =1/raw!D11 -> 8.2781457 | E11: =1/raw!E11*100 -> 1915.3419 | F11: =1/raw!F11 -> 35.174112 | G11: =1/raw!G11 -> #DIV/0! | H11: =1/raw!H11 -> 0.97518163 | I11: =1/raw!I11*100 -> 248.57097 | J11: =1/raw!J11*100 -> 43.497173 | K11: =1/raw!K11*1000 -> 7225.4335 | L11: =1/raw!L11*1000 -> #DIV/0! | M11: =1/raw!M11 -> 0.30420102 | N11: =1/raw!N11 -> 3.7993921 | O11: =1/raw!O11 -> 9.487666 | P11: =1/raw!P11 -> 3.500175 | Q11: =1/raw!Q11 -> 40.650407 | R11: =1/raw!R11 -> 4.0666938 | S11: =1/raw!S11 -> #DIV/0! | T11: =1/raw!T11 -> 3.7509377 | ... Y11: =1/raw!Y11 -> 3.6724201
A12: 36539 | B12: =1/raw!B12 -> 1.8039796 | C12: =1/raw!C12 -> 515.72976 | D12: =1/raw!D12 -> 8.2781457 | E12: =1/raw!E12*100 -> 1922.3376 | F12: =1/raw!F12 -> 35.523979 | G12: =1/raw!G12 -> #DIV/0! | H12: =1/raw!H12 -> 0.98741052 | I12: =1/raw!I12*100 -> 251.25634 | J12: =1/raw!J12*100 -> 43.497173 | K12: =1/raw!K12*1000 -> 7173.6063 | L12: =1/raw!L12*1000 -> #DIV/0! | M12: =1/raw!M12 -> 0.30459945 | N12: =1/raw!N12 -> 3.7993921 | O12: =1/raw!O12 -> 9.4161959 | P12: =1/raw!P12 -> 3.4879665 | Q12: =1/raw!Q12 -> 40.600893 | R12: =1/raw!R12 -> 4.0749796 | S12: =1/raw!S12 -> #DIV/0! | T12: =1/raw!T12 -> 3.7509377 | ... Y12: =1/raw!Y12 -> 3.6724201
A13: 36542 | B13: =1/raw!B13 -> 1.7929823 | C13: =1/raw!C13 -> 512.29508 | D13: =1/raw!D13 -> 8.2781457 | E13: =1/raw!E13*100 -> 1924.5574 | F13: =1/raw!F13 -> 35.637919 | G13: =1/raw!G13 -> #DIV/0! | H13: =1/raw!H13 -> 0.98838646 | I13: =1/raw!I13*100 -> 252.14328 | J13: =1/raw!J13*100 -> 43.535046 | K13: =1/raw!K13*1000 -> 7256.894 | L13: =1/raw!L13*1000 -> #DIV/0! | M13: =1/raw!M13 -> 0.30420102 | N13: =1/raw!N13 -> 3.7993921 | O13: =1/raw!O13 -> 9.4250707 | P13: =1/raw!P13 -> 3.4891835 | Q13: =1/raw!Q13 -> 40.5515 | R13: =1/raw!R13 -> 4.0783034 | S13: =1/raw!S13 -> #DIV/0! | T13: =1/raw!T13 -> 3.7509377 | ... Y13: =1/raw!Y13 -> 3.6724201
... A6524: 45657 | B6524: =1/raw!B6524 -> 6.1846744 | C6524: =1/raw!C6524 -> 994.03579 | D6524: =1/raw!D6524 -> 7.2993766 | E6524: =1/raw!E6524*100 -> 4405.2863 | F6524: =1/raw!F6524 -> 24.342746 | G6524: =1/raw!G6524 -> 50.838841 | H6524: =1/raw!H6524 -> 0.96585696 | I6524: =1/raw!I6524*100 -> 397.45628 | J6524: =1/raw!J6524*100 -> 85.579803 | K6524: =1/raw!K6524*1000 -> 16095.284 | L6524: =1/raw!L6524*1000 -> 1478.2622 | M6524: =1/raw!M6524 -> 0.30831368 | N6524: =1/raw!N6524 -> 4.471472 | O6524: =1/raw!O6524 -> 20.82509 | P6524: =1/raw!P6524 -> 3.7558685 | Q6524: =1/raw!Q6524 -> 58.085502 | R6524: =1/raw!R6524 -> 4.1322314 | S6524: =1/raw!S6524 -> 3.6452448 | T6524: =1/raw!T6524 -> 3.7574209 | ... Y6524: =1/raw!Y6524 -> 3.6730946
